name,last_name,first_name,display,position,proj
CHRISTIANMCCAFFREY,MCCAFFREY,CHRISTIAN,Christian McCaffrey,RB,332.543483726
JOSHALLEN,ALLEN,JOSH,Josh Allen,QB,326.97122634
JALENHURTS,HURTS,JALEN,Jalen Hurts,QB,326.932663197
CEEDEELAMB,LAMB,CEEDEE,CeeDee Lamb,WR,321.53429004599997
PATRICKMAHOMES,MAHOMES,PATRICK,Patrick Mahomes,QB,315.345042175
LAMARJACKSON,JACKSON,LAMAR,Lamar Jackson,QB,313.898535974
TYREEKHILL,HILL,TYREEK,Tyreek Hill,WR,312.586558851
ANTHONYRICHARDSON,RICHARDSON,ANTHONY,Anthony Richardson,QB,293.310215548
C.J.STROUD,STROUD,C.J.,C.J. Stroud,QB,292.011178815
JAMARRCHASE,CHASE,JAMARR,Ja'Marr Chase,WR,290.4048359275
JUSTINJEFFERSON,JEFFERSON,JUSTIN,Justin Jefferson,WR,286.1948213395
JOEBURROW,BURROW,JOE,Joe Burrow,QB,284.780600912
BREECEHALL,HALL,BREECE,Breece Hall,RB,284.09837855899997
AMONRAST.BROWN,BROWN,AMONRAST.,Amon-Ra St. Brown,WR,283.7353887075
DAKPRESCOTT,PRESCOTT,DAK,Dak Prescott,QB,282.01401841300003
KYLERMURRAY,MURRAY,KYLER,Kyler Murray,QB,280.21208744300003
BIJANROBINSON,ROBINSON,BIJAN,Bijan Robinson,RB,274.483221868
BROCKPURDY,PURDY,BROCK,Brock Purdy,QB,272.33204490900005
A.J.BROWN,BROWN,A.J.,A.J. Brown,WR,270.789244876
JORDANLOVE,LOVE,JORDAN,Jordan Love,QB,269.865929306
JAYDENDANIELS,DANIELS,JAYDEN,Jayden Daniels,QB,264.504235611
JUSTINHERBERT,HERBERT,JUSTIN,Justin Herbert,QB,263.08264174199996
GARRETTWILSON,WILSON,GARRETT,Garrett Wilson,WR,262.1578266995
PUKANACUA,NACUA,PUKA,Puka Nacua,WR,260.819210702
TREVORLAWRENCE,LAWRENCE,TREVOR,Trevor Lawrence,QB,260.04471584099997
CALEBWILLIAMS,WILLIAMS,CALEB,Caleb Williams,QB,259.925633789
AARONRODGERS,RODGERS,AARON,Aaron Rodgers,QB,259.703261231
DESHAUNWATSON,WATSON,DESHAUN,Deshaun Watson,QB,256.04961103299996
JAREDGOFF,GOFF,JARED,Jared Goff,QB,251.492061391
TUATAGOVAILOA,TAGOVAILOA,TUA,Tua Tagovailoa,QB,251.177016007
KIRKCOUSINS,COUSINS,KIRK,Kirk Cousins,QB,250.04139182299997
MATTHEWSTAFFORD,STAFFORD,MATTHEW,Matthew Stafford,QB,249.106853713
BAKERMAYFIELD,MAYFIELD,BAKER,Baker Mayfield,QB,248.51211265400002
JONATHANTAYLOR,TAYLOR,JONATHAN,Jonathan Taylor,RB,248.422015699
SAQUONBARKLEY,BARKLEY,SAQUON,Saquon Barkley,RB,247.886618668
CHRISOLAVE,OLAVE,CHRIS,Chris Olave,WR,243.072199931
GENOSMITH,SMITH,GENO,Geno Smith,QB,236.61804204499998
WILLLEVIS,LEVIS,WILL,Will Levis,QB,236.599545138
JAHMYRGIBBS,GIBBS,JAHMYR,Jahmyr Gibbs,RB,236.146903
ISIAHPACHECO,PACHECO,ISIAH,Isiah Pacheco,RB,235.13082669
DAVANTEADAMS,ADAMS,DAVANTE,Davante Adams,WR,234.03433464
DRAKELONDON,LONDON,DRAKE,Drake London,WR,233.601164019
MIKEEVANS,EVANS,MIKE,Mike Evans,WR,232.850555811
KYRENWILLIAMS,WILLIAMS,KYREN,Kyren Williams,RB,232.61087656900003
MARVINHARRISON,HARRISON,MARVIN,Marvin Harrison Jr.,WR,232.116268204
NICOCOLLINS,COLLINS,NICO,Nico Collins,WR,229.357570686
COOPERKUPP,KUPP,COOPER,Cooper Kupp,WR,226.780190328
DEVONTASMITH,SMITH,DEVONTA,DeVonta Smith,WR,226.71471210900003
DKMETCALF,METCALF,DK,DK Metcalf,WR,226.65212396099997
STEFONDIGGS,DIGGS,STEFON,Stefon Diggs,WR,225.39550369699998
TRAVISETIENNE,ETIENNE,TRAVIS,Travis Etienne,RB,225.232375416
JAYLENWADDLE,WADDLE,JAYLEN,Jaylen Waddle,WR,225.188734717
BRANDONAIYUK,AIYUK,BRANDON,Brandon Aiyuk,WR,224.827359056
DERRICKHENRY,HENRY,DERRICK,Derrick Henry,RB,224.757392502
DEEBOSAMUEL,SAMUEL,DEEBO,Deebo Samuel Sr.,WR,224.338538305
DJMOORE,MOORE,DJ,DJ Moore,WR,224.24049159150002
RACHAADWHITE,WHITE,RACHAAD,Rachaad White,RB,223.874205447
MIKEPITTMAN,PITTMAN,MIKE,Michael Pittman,WR,221.87279114400002
DANIELJONES,JONES,DANIEL,Daniel Jones,QB,220.73619307500002
DEREKCARR,CARR,DEREK,Derek Carr,QB,219.59645800700002
BRYCEYOUNG,YOUNG,BRYCE,Bryce Young,QB,219.52892350999997
MALIKNABERS,NABERS,MALIK,Malik Nabers,WR,218.997457069
ALVINKAMARA,KAMARA,ALVIN,Alvin Kamara,RB,217.794321401
DEVONACHANE,ACHANE,DEVON,De'Von Achane,RB,217.76375337800002
AMARICOOPER,COOPER,AMARI,Amari Cooper,WR,217.367662478
SAMDARNOLD,DARNOLD,SAM,Sam Darnold,QB,216.57215451899998
TEEHIGGINS,HIGGINS,TEE,Tee Higgins,WR,216.30915885500002
CHRISGODWIN,GODWIN,CHRIS,Chris Godwin,WR,214.8934668955
ZAYFLOWERS,FLOWERS,ZAY,Zay Flowers,WR,214.8543737655
CALVINRIDLEY,RIDLEY,CALVIN,Calvin Ridley,WR,214.75847173350002
TANKDELL,DELL,TANK,Tank Dell,WR,213.8731476655
GEORGEPICKENS,PICKENS,GEORGE,George Pickens,WR,212.005999857
JOSHJACOBS,JACOBS,JOSH,Josh Jacobs,RB,211.928747221
JAMESCOOK,COOK,JAMES,James Cook,RB,211.52409605699998
CHRISTIANKIRK,KIRK,CHRISTIAN,Christian Kirk,WR,211.155449048
DRAKEMAYE,MAYE,DRAKE,Drake Maye,QB,210.97167779400002
RASHEERICE,RICE,RASHEE,Rashee Rice,WR,210.1632382805
JOEMIXON,MIXON,JOE,Joe Mixon,RB,208.590443399
SAMLAPORTA,LAPORTA,SAM,Sam LaPorta,TE,207.488185127
KEENANALLEN,ALLEN,KEENAN,Keenan Allen,WR,207.3373674545
TRAVISKELCE,KELCE,TRAVIS,Travis Kelce,TE,206.86039758254998
BONIX,NIX,BO,Bo Nix,QB,206.29541506500001
KENNETHWALKER,WALKER,KENNETH,Kenneth Walker III,RB,202.330071208
RUSSELLWILSON,WILSON,RUSSELL,Russell Wilson,QB,198.04519808999999
TERRYMCLAURIN,MCLAURIN,TERRY,Terry McLaurin,WR,196.69616075800002
DIONTAEJOHNSON,JOHNSON,DIONTAE,Diontae Johnson,WR,195.92503691849998
MARKANDREWS,ANDREWS,MARK,Mark Andrews,TE,195.894842974
JORDANADDISON,ADDISON,JORDAN,Jordan Addison,WR,195.12778201999998
AARONJONES,JONES,AARON,Aaron Jones,RB,192.66032552000001
JAYDENREED,REED,JAYDEN,Jayden Reed,WR,192.278873508
RHAMONDRESTEVENSON,STEVENSON,RHAMONDRE,Rhamondre Stevenson,RB,189.01028028700003
ROMEODUNZE,ODUNZE,ROME,Rome Odunze,WR,188.546832563
TREYMCBRIDE,MCBRIDE,TREY,Trey McBride,TE,186.318484602
JAMESCONNER,CONNER,JAMES,James Conner,RB,184.660143587
DANDRESWIFT,SWIFT,DANDRE,D'Andre Swift,RB,182.74590896300003
COURTLANDSUTTON,SUTTON,COURTLAND,Courtland Sutton,WR,182.623395376
DAVIDMONTGOMERY,MONTGOMERY,DAVID,David Montgomery,RB,182.579078755
XAVIERWORTHY,WORTHY,XAVIER,Xavier Worthy,WR,182.102643204
JAXONSMITHNJIGBA,SMITHNJIGBA,JAXON,Jaxon Smith-Njigba,WR,181.690977731
GEORGEKITTLE,KITTLE,GEORGE,George Kittle,TE,181.639942649
NAJEEHARRIS,HARRIS,NAJEE,Najee Harris,RB,181.437380682
CHRISTIANWATSON,WATSON,CHRISTIAN,Christian Watson,WR,180.63787820800002
DALTONKINCAID,KINCAID,DALTON,Dalton Kincaid,TE,178.599327989
JAYLENWARREN,WARREN,JAYLEN,Jaylen Warren,RB,178.213594768
ZAMIRWHITE,WHITE,ZAMIR,Zamir White,RB,177.57886706699998
JAVONTEWILLIAMS,WILLIAMS,JAVONTE,Javonte Williams,RB,177.389352682
LADDMCCONKEY,MCCONKEY,LADD,Ladd McConkey,WR,176.46772281
TONYPOLLARD,POLLARD,TONY,Tony Pollard,RB,175.43448695600003
DEVINSINGLETARY,SINGLETARY,DEVIN,Devin Singletary,RB,174.46196632099998
EVANENGRAM,ENGRAM,EVAN,Evan Engram,TE,174.17123568200003
KYLEPITTS,PITTS,KYLE,Kyle Pitts,TE,173.441610258
TYJAESPEARS,SPEARS,TYJAE,Tyjae Spears,RB,172.51193089199998
RAHEEMMOSTERT,MOSTERT,RAHEEM,Raheem Mostert,RB,172.060123512
BRIANROBINSON,ROBINSON,BRIAN,Brian Robinson,RB,171.188700948
JERRYJEUDY,JEUDY,JERRY,Jerry Jeudy,WR,171.12982652800002
BRIANTHOMAS,THOMAS,BRIAN,Brian Thomas Jr.,WR,170.09700820900002
TYLERLOCKETT,LOCKETT,TYLER,Tyler Lockett,WR,170.07370407000002
CURTISSAMUEL,SAMUEL,CURTIS,Curtis Samuel,WR,169.699080747
DAVIDNJOKU,NJOKU,DAVID,David Njoku,TE,167.680073417
GABEDAVIS,DAVIS,GABE,Gabe Davis,WR,167.41253531900003
AUSTINEKELER,EKELER,AUSTIN,Austin Ekeler,RB,167.34176983900002
JAKEFERGUSON,FERGUSON,JAKE,Jake Ferguson,TE,166.50716020299998
JAMESONWILLIAMS,WILLIAMS,JAMESON,Jameson Williams,WR,165.6999390805
ADAMTHIELEN,THIELEN,ADAM,Adam Thielen,WR,165.19144056200003
EZEKIELELLIOTT,ELLIOTT,EZEKIEL,Ezekiel Elliott,RB,164.561668697
JAKOBIMEYERS,MEYERS,JAKOBI,Jakobi Meyers,WR,163.9965416801
DEANDREHOPKINS,HOPKINS,DEANDRE,DeAndre Hopkins,WR,163.67780932300002
KEONCOLEMAN,COLEMAN,KEON,Keon Coleman,WR,163.650570486
MIKEWILLIAMS,WILLIAMS,MIKE,Mike Williams,WR,161.97174433799998
DEMARIODOUGLAS,DOUGLAS,DEMARIO,Demario Douglas,WR,160.8398184405
ZACKMOSS,MOSS,ZACK,Zack Moss,RB,160.553523512
DARNELLMOONEY,MOONEY,DARNELL,Darnell Mooney,WR,159.36599688150002
KHALILSHAKIR,SHAKIR,KHALIL,Khalil Shakir,WR,159.21176088599998
CHASEBROWN,BROWN,CHASE,Chase Brown,RB,157.746803931
DALLASGOEDERT,GOEDERT,DALLAS,Dallas Goedert,TE,157.723508412
RASHIDSHAHEED,SHAHEED,RASHID,Rashid Shaheed,WR,157.22117623499997
MARQUISEBROWN,BROWN,MARQUISE,Marquise Brown,WR,155.13413224049998
BROCKBOWERS,BOWERS,BROCK,Brock Bowers,TE,153.640464016
BRANDINCOOKS,COOKS,BRANDIN,Brandin Cooks,WR,153.307703521
JOSHPALMER,PALMER,JOSH,Josh Palmer,WR,153.129507568
JONATHONBROOKS,BROOKS,JONATHON,Jonathon Brooks,RB,152.96120428
ROMEODOUBS,DOUBS,ROMEO,Romeo Doubs,WR,152.70507847300001
GUSEDWARDS,EDWARDS,GUS,Gus Edwards,RB,151.474544887
GARDNERMINSHEW,MINSHEW,GARDNER,Gardner Minshew,QB,150.509592737
HARRISONBUTKER,BUTKER,HARRISON,Harrison Butker,K,148.7488488835
JUSTINTUCKER,TUCKER,JUSTIN,Justin Tucker,K,146.3701014515
BRANDONAUBREY,AUBREY,BRANDON,Brandon Aubrey,K,145.0869288215
DEMARCUSROBINSON,ROBINSON,DEMARCUS,Demarcus Robinson,WR,144.661873839
NICKCHUBB,CHUBB,NICK,Nick Chubb,RB,143.062806293
T.J.HOCKENSON,HOCKENSON,T.J.,T.J. Hockenson,TE,143.028653888
JALYNNPOLK,POLK,JALYNN,Ja'Lynn Polk,WR,142.12410781300002
EVANMCPHERSON,MCPHERSON,EVAN,Evan McPherson,K,141.8283166435
DALTONSCHULTZ,SCHULTZ,DALTON,Dalton Schultz,TE,140.52812838
WANDALEROBINSON,ROBINSON,WANDALE,Wan'Dale Robinson,WR,139.4411963805
YOUNGHOEKOO,KOO,YOUNGHOE,Younghoe Koo,K,139.0602952415
GREGZUERLEIN,ZUERLEIN,GREG,Greg Zuerlein,K,138.8194239855
KAIMIFAIRBAIRN,FAIRBAIRN,KAIMI,Ka'imi Fairbairn,K,138.1528642375
MIKEWILSON,WILSON,MIKE,Michael Wilson,WR,138.056695914
JAKEMOODY,MOODY,JAKE,Jake Moody,K,137.794398765
PATFREIERMUTH,FREIERMUTH,PAT,Pat Freiermuth,TE,137.78546342599998
CAMERONDICKER,DICKER,CAMERON,Cameron Dicker,K,137.62790688500002
XAVIERLEGETTE,LEGETTE,XAVIER,Xavier Legette,WR,137.59660295099997
JAKEELLIOTT,ELLIOTT,JAKE,Jake Elliott,K,136.816569348
ZACHCHARBONNET,CHARBONNET,ZACH,Zach Charbonnet,RB,136.799187183
RAVENS,RAVENS,RAVENS,Baltimore Ravens,DEF,136.507270436
JEROMEFORD,FORD,JEROME,Jerome Ford,RB,135.51553391299996
JOSHDOWNS,DOWNS,JOSH,Josh Downs,WR,135.295372614
ADONAIMITCHELL,MITCHELL,ADONAI,Adonai Mitchell,WR,135.138771279
JETS,JETS,JETS,New York Jets,DEF,135.0934280635
DUSTINHOPKINS,HOPKINS,DUSTIN,Dustin Hopkins,K,134.228586496
COWBOYS,COWBOYS,COWBOYS,Dallas Cowboys,DEF,134.00884577999997
BROWNS,BROWNS,BROWNS,Cleveland Browns,DEF,133.32199425
QUENTINJOHNSTON,JOHNSTON,QUENTIN,Quentin Johnston,WR,132.8968559605
DONTAYVIONWICKS,WICKS,DONTAYVION,Dontayvion Wicks,WR,132.611263722
MATTGAY,GAY,MATT,Matt Gay,K,131.8676614955
JASONSANDERS,SANDERS,JASON,Jason Sanders,K,131.861108384
49ERS,49ERS,49ERS,San Francisco 49ers,DEF,131.775120544
CAIROSANTOS,SANTOS,CAIRO,Cairo Santos,K,131.611004982
CHASEMCLAUGHLIN,MCLAUGHLIN,CHASE,Chase McLaughlin,K,131.44715744349998
TYLERBASS,BASS,TYLER,Tyler Bass,K,131.0777095895
COLEKMET,KMET,COLE,Cole Kmet,TE,131.07010647515
DANIELCARLSON,CARLSON,DANIEL,Daniel Carlson,K,130.8627631
JASONMYERS,MYERS,JASON,Jason Myers,K,130.841783481
CHUBAHUBBARD,HUBBARD,CHUBA,Chuba Hubbard,RB,130.74358337799998
NICKFOLK,FOLK,NICK,Nick Folk,K,130.68675586900002
JOSHKARTY,KARTY,JOSH,Joshua Karty,K,129.696566822
JAHANDOTSON,DOTSON,JAHAN,Jahan Dotson,WR,129.45325434
CHRISBOSWELL,BOSWELL,CHRIS,Chris Boswell,K,129.37075323099998
MATTPRATER,PRATER,MATT,Matt Prater,K,129.360726501
BLAKEGRUPE,GRUPE,BLAKE,Blake Grupe,K,128.8698205575
TYLERALLGEIER,ALLGEIER,TYLER,Tyler Allgeier,RB,127.706437342
STEELERS,STEELERS,STEELERS,Pittsburgh Steelers,DEF,127.46378410999998
ANDERSCARLSON,CARLSON,ANDERS,Anders Carlson,K,127.2480378255
JAKEBATES,BATES,JAKE,Jake Bates,K,126.5131342185
ANTONIOGIBSON,GIBSON,ANTONIO,Antonio Gibson,RB,126.14311732799999
RASHODBATEMAN,BATEMAN,RASHOD,Rashod Bateman,WR,125.15065813
GRAHAMGANO,GANO,GRAHAM,Graham Gano,K,124.6590537685
EDDYPINEIRO,PINEIRO,EDDY,Eddy Pineiro,K,124.0818439215
JERMAINEBURTON,BURTON,JERMAINE,Jermaine Burton,WR,124.08150561900001
WILLREICHARD,REICHARD,WILL,Will Reichard,K,123.3381635165
JALENMCMILLAN,MCMILLAN,JALEN,Jalen McMillan,WR,123.239617153
HUNTERHENRY,HENRY,HUNTER,Hunter Henry,TE,123.036748846
TYCHANDLER,CHANDLER,TY,Ty Chandler,RB,122.87834207
CAMLITTLE,LITTLE,CAM,Cam Little,K,122.58722827849999
TYLERBOYD,BOYD,TYLER,Tyler Boyd,WR,122.447557848
MARVINMIMS,MIMS,MARVIN,Marvin Mims Jr.,WR,122.344494213
TYLERCONKLIN,CONKLIN,TYLER,Tyler Conklin,TE,121.942224391
WILLUTZ,LUTZ,WIL,Wil Lutz,K,121.05455824500001
J.K.DOBBINS,DOBBINS,J.K.,J.K. Dobbins,RB,120.986115512
KENDRICKBOURNE,BOURNE,KENDRICK,Kendrick Bourne,WR,120.88039570100001
TAYSOMHILL,HILL,TAYSOM,Taysom Hill,TE,120.5267693838
CHIEFS,CHIEFS,CHIEFS,Kansas City Chiefs,DEF,119.40416230449999
RILEYPATTERSON,PATTERSON,RILEY,Riley Patterson,K,118.157557699
CADEOTTON,OTTON,CADE,Cade Otton,TE,116.961915624
CHADRYLAND,RYLAND,CHAD,Chad Ryland,K,116.8727431145
DOLPHINS,DOLPHINS,DOLPHINS,Miami Dolphins,DEF,116.80774666300002
JALEELMCLAUGHLIN,MCLAUGHLIN,JALEEL,Jaleel McLaughlin,RB,116.03799988099999
TREYBENSON,BENSON,TREY,Trey Benson,RB,116.02263815
DJCHARK,CHARK,DJ,DJ Chark,WR,115.886783581
RICKYPEARSALL,PEARSALL,RICKY,Ricky Pearsall,WR,115.8720640615
SAINTS,SAINTS,SAINTS,New Orleans Saints,DEF,115.8531677295
DARIUSSLAYTON,SLAYTON,DARIUS,Darius Slayton,WR,114.739317258
BEARS,BEARS,BEARS,Chicago Bears,DEF,114.1259828135
BENGALS,BENGALS,BENGALS,Cincinnati Bengals,DEF,113.88355805799999
MALACHICORLEY,CORLEY,MALACHI,Malachi Corley,WR,113.73982071150002
LIONS,LIONS,LIONS,Detroit Lions,DEF,113.6822396205
JALENTOLBERT,TOLBERT,JALEN,Jalen Tolbert,WR,113.12309982400001
NOAHFANT,FANT,NOAH,Noah Fant,TE,110.784922799
ROMANWILSON,WILSON,ROMAN,Roman Wilson,WR,110.233633698
BLAKECORUM,CORUM,BLAKE,Blake Corum,RB,109.53718277600001
RICODOWDLE,DOWDLE,RICO,Rico Dowdle,RB,109.45484585700001
JAGUARS,JAGUARS,JAGUARS,Jacksonville Jaguars,DEF,108.64573412549998
LUKEMCCAFFREY,MCCAFFREY,LUKE,Luke McCaffrey,WR,107.90661844050001
TEXANS,TEXANS,TEXANS,Houston Texans,DEF,105.7974759965
LUKEMUSGRAVE,MUSGRAVE,LUKE,Luke Musgrave,TE,105.34710496599999
BILLS,BILLS,BILLS,Buffalo Bills,DEF,104.80798052499999
SEAHAWKS,SEAHAWKS,SEAHAWKS,Seattle Seahawks,DEF,103.760934843
JUWANJOHNSON,JOHNSON,JUWAN,Juwan Johnson,TE,102.979393915
EAGLES,EAGLES,EAGLES,Philadelphia Eagles,DEF,102.82350648349998
ZAYJONES,JONES,ZAY,Zay Jones,WR,101.505142588
PACKERS,PACKERS,PACKERS,Green Bay Packers,DEF,100.114695316
PANTHERS,PANTHERS,PANTHERS,Carolina Panthers,DEF,99.65501388499999
COLTS,COLTS,COLTS,Indianapolis Colts,DEF,98.8293740715
JALINHYATT,HYATT,JALIN,Jalin Hyatt,WR,98.44394248699999
TIMPATRICK,PATRICK,TIM,Tim Patrick,WR,97.728890146
RAIDERS,RAIDERS,RAIDERS,Las Vegas Raiders,DEF,97.16430801400001
ODELLBECKHAM,BECKHAM,ODELL,Odell Beckham Jr.,WR,96.97072498899999
KENDREMILLER,MILLER,KENDRE,Kendre Miller,RB,96.61247938000002
VIKINGS,VIKINGS,VIKINGS,Minnesota Vikings,DEF,96.0160617965
BUCCANEERS,BUCCANEERS,BUCCANEERS,Tampa Bay Buccaneers,DEF,95.17197291349999
KHALILHERBERT,HERBERT,KHALIL,Khalil Herbert,RB,93.597354018
TRETUCKER,TUCKER,TRE,Tre Tucker,WR,93.36254977799999
CLYDEEDWARDSHELAIRE,EDWARDSHELAIRE,CLYDE,Clyde Edwards-Helaire,RB,93.103141856
FALCONS,FALCONS,FALCONS,Atlanta Falcons,DEF,93.02015139050002
TITANS,TITANS,TITANS,Tennessee Titans,DEF,91.468886561
RAYRAYMCCLOUD,MCCLOUD,RAYRAY,Ray-Ray McCloud,WR,90.898182472
PATRIOTS,PATRIOTS,PATRIOTS,New England Patriots,DEF,90.67499460249999
TUCKERKRAFT,KRAFT,TUCKER,Tucker Kraft,TE,89.643156061
GIANTS,GIANTS,GIANTS,New York Giants,DEF,89.521644957
TREYLONBURKS,BURKS,TREYLON,Treylon Burks,WR,88.526166194
GREGDORTCH,DORTCH,GREG,Greg Dortch,WR,88.50759562900001
JONATHANMINGO,MINGO,JONATHAN,Jonathan Mingo,WR,88.068143128
RAMS,RAMS,RAMS,Los Angeles Rams,DEF,87.327000015
CHARGERS,CHARGERS,CHARGERS,Los Angeles Chargers,DEF,87.021530652
JONNUSMITH,SMITH,JONNU,Jonnu Smith,TE,86.72943997015
COMMANDERS,COMMANDERS,COMMANDERS,Washington Commanders,DEF,86.02913825699999
BRONCOS,BRONCOS,BRONCOS,Denver Broncos,DEF,85.271438045
BENSINNOTT,SINNOTT,BEN,Ben Sinnott,TE,85.048824346
ELIJAHMOORE,MOORE,ELIJAH,Elijah Moore,WR,84.8420827985
COLBYPARKINSON,PARKINSON,COLBY,Colby Parkinson,TE,84.157427602
HAYDENHURST,HURST,HAYDEN,Hayden Hurst,TE,84.04866958299999
ANDREIIOSIVAS,IOSIVAS,ANDREI,Andrei Iosivas,WR,83.930664882
AIDANOCONNELL,OCONNELL,AIDAN,Aidan O'Connell,QB,80.2686094955
DAWSONKNOX,KNOX,DAWSON,Dawson Knox,TE,80.19726886000001
JAVONBAKER,BAKER,JAVON,Javon Baker,WR,79.26703480100001
KALIFRAYMOND,RAYMOND,KALIF,Kalif Raymond,WR,78.37218558699999
ZACHERTZ,ERTZ,ZACH,Zach Ertz,TE,78.062756597
JAMAALWILLIAMS,WILLIAMS,JAMAAL,Jamaal Williams,RB,77.97876994399999
MARSHAWNLLOYD,LLOYD,MARSHAWN,MarShawn Lloyd,RB,77.965509863
ALEXANDERMATTISON,MATTISON,ALEXANDER,Alexander Mattison,RB,77.9155372915
BRAELONALLEN,ALLEN,BRAELON,Braelon Allen,RB,77.2489217425
ISAIAHLIKELY,LIKELY,ISAIAH,Isaiah Likely,TE,77.171698097
JAUANJENNINGS,JENNINGS,JAUAN,Jauan Jennings,WR,75.802652964
ELIJAHMITCHELL,MITCHELL,ELIJAH,Elijah Mitchell,RB,75.035878358
MIKEGESICKI,GESICKI,MIKE,Mike Gesicki,TE,74.907677029
BUCKYIRVING,IRVING,BUCKY,Bucky Irving,RB,74.75878381300001
GREGDULCICH,DULCICH,GREG,Greg Dulcich,TE,74.719792932
JELANIWOODS,WOODS,JELANI,Jelani Woods,TE,73.91228101300001
VANJEFFERSON,JEFFERSON,VAN,Van Jefferson,WR,73.726315083
XAVIERGIPSON,GIPSON,XAVIER,Xavier Gipson,WR,73.6745962995
JOSHREYNOLDS,REYNOLDS,JOSH,Josh Reynolds,WR,72.97309537000001
TYRONETRACY,TRACY,TYRONE,Tyrone Tracy Jr.,RB,72.930846574
CARDINALS,CARDINALS,CARDINALS,Arizona Cardinals,DEF,72.64945884
TROYFRANKLIN,FRANKLIN,TROY,Troy Franklin,WR,71.319613326
CEDRICTILLMAN,TILLMAN,CEDRIC,Cedric Tillman,WR,71.254825268
JUSTINFIELDS,FIELDS,JUSTIN,Justin Fields,QB,71.002294968
DEVONTEZWALKER,WALKER,DEVONTEZ,Devontez Walker,WR,70.56146941
DAMEONPIERCE,PIERCE,DAMEON,Dameon Pierce,RB,70.0351456785
NELSONAGHOLOR,AGHOLOR,NELSON,Nelson Agholor,WR,69.06239344000001
DANIELBELLINGER,BELLINGER,DANIEL,Daniel Bellinger,TE,68.536594093
TREYPALMER,PALMER,TREY,Trey Palmer,WR,67.96995724850001
MIKEMAYER,MAYER,MIKE,Michael Mayer,TE,67.442844931
NOAHGRAY,GRAY,NOAH,Noah Gray,TE,66.255996779
TANKBIGSBY,BIGSBY,TANK,Tank Bigsby,RB,65.9329821405
JATAVIONSANDERS,SANDERS,JATAVION,Ja'Tavion Sanders,TE,65.930105557
TYLERHIGBEE,HIGBEE,TYLER,Tyler Higbee,TE,65.000300067
SAMAJEPERINE,PERINE,SAMAJE,Samaje Perine,RB,64.91846475
JUSTICEHILL,HILL,JUSTICE,Justice Hill,RB,64.321644532
KENNETHGAINWELL,GAINWELL,KENNETH,Kenneth Gainwell,RB,63.769046838
CALVINAUSTIN,AUSTIN,CALVIN,Calvin Austin III,WR,63.20511590299999
ROSCHONJOHNSON,JOHNSON,ROSCHON,Roschon Johnson,RB,61.004443031499996
DONTAFOREMAN,FOREMAN,DONTA,D'Onta Foreman,RB,60.9073880845
JAYLENWRIGHT,WRIGHT,JAYLEN,Jaylen Wright,RB,60.89446529600001
ERICGRAY,GRAY,ERIC,Eric Gray,RB,60.2656102015
MILESSANDERS,SANDERS,MILES,Miles Sanders,RB,59.08194437299999
KIMANIVIDAL,VIDAL,KIMANI,Kimani Vidal,RB,57.932615287
K.J.OSBORN,OSBORN,K.J.,K.J. Osborn,WR,56.883771922
ALECPIERCE,PIERCE,ALEC,Alec Pierce,WR,56.722899936000005
AJDILLON,DILLON,AJ,AJ Dillon,RB,56.612230658499996
TREYSERMON,SERMON,TREY,Trey Sermon,RB,56.277781563000005
TYJOHNSON,JOHNSON,TY,Ty Johnson,RB,56.017118313
GERALDEVERETT,EVERETT,GERALD,Gerald Everett,TE,54.34788141890001
TUTUATWELL,ATWELL,TUTU,Tutu Atwell,WR,53.845088114000006
NOAHBROWN,BROWN,NOAH,Noah Brown,WR,52.797117544
TOMMYTREMBLE,TREMBLE,TOMMY,Tommy Tremble,TE,52.745096105
JALENNAILOR,NAILOR,JALEN,Jalen Nailor,WR,52.431783327
CHASEEDMONDS,EDMONDS,CHASE,Chase Edmonds,RB,52.1249864705
WILLSHIPLEY,SHIPLEY,WILL,Will Shipley,RB,51.93585227300001
JAKEBOBO,BOBO,JAKE,Jake Bobo,WR,51.329077333
PARKERWASHINGTON,WASHINGTON,PARKER,Parker Washington,WR,51.280436775
KAVONTAETURPIN,TURPIN,KAVONTAE,KaVontae Turpin,WR,51.227484743000005
CEDWILSON,WILSON,CED,Ced Wilson,WR,50.458669748999995
JEREMYRUCKERT,RUCKERT,JEREMY,Jeremy Ruckert,TE,50.213164597
CHIGOKONKWO,OKONKWO,CHIG,Chig Okonkwo,TE,49.55
JOSHWHYLE,WHYLE,JOSH,Josh Whyle,TE,48.931033811
DYLANLAUBE,LAUBE,DYLAN,Dylan Laube,RB,48.4128003725
EVANHULL,HULL,EVAN,Evan Hull,RB,48.1357759915
WILLDISSLY,DISSLY,WILL,Will Dissly,TE,45.597981667
JORDANMASON,MASON,JORDAN,Jordan Mason,RB,45.0126766625
KEATONMITCHELL,MITCHELL,KEATON,Keaton Mitchell,RB,44.8393981305
KYLENGRANSON,GRANSON,KYLEN,Kylen Granson,TE,44.6430676
JACOBYBRISSETT,BRISSETT,JACOBY,Jacoby Brissett,QB,44.4964308065
MIKECARTER,CARTER,MIKE,Michael Carter,RB,44.119075984999995
DURHAMSMYTHE,SMYTHE,DURHAM,Durham Smythe,TE,43.71903866700001
JOHNNYMUNDT,MUNDT,JOHNNY,Johnny Mundt,TE,43.503757133
CHRISRODRIGUEZ,RODRIGUEZ,CHRIS,Chris Rodriguez Jr.,RB,43.265040159499996
AUDRICESTIME,ESTIME,AUDRIC,Audric Estimé,RB,42.621094580999994
AUSTINHOOPER,HOOPER,AUSTIN,Austin Hooper,TE,42.334397956000004
TANNERHUDSON,HUDSON,TANNER,Tanner Hudson,TE,42.322150059
SAMHOWELL,HOWELL,SAM,Sam Howell,QB,42.248630523
BRANDONPOWELL,POWELL,BRANDON,Brandon Powell,WR,41.9576888455
DERIUSDAVIS,DAVIS,DERIUS,Derius Davis,WR,41.4548771545
BUBMEANS,MEANS,BUB,Bub Means,WR,40.634107764999996
ISAIAHDAVIS,DAVIS,ISAIAH,Isaiah Davis,RB,39.718289008
ADAMTRAUTMAN,TRAUTMAN,ADAM,Adam Trautman,TE,39.122374158
ISAACGUERENDO,GUERENDO,ISAAC,Isaac Guerendo,RB,39.04333503
CORDARRELLEPATTERSON,PATTERSON,CORDARRELLE,Cordarrelle Patterson,RB,39.017696241500005
MARQUEZVALDESSCANTLING,VALDESSCANTLING,MARQUEZ,Marquez Valdes-Scantling,WR,39.0098107655
JUSTINWATSON,WATSON,JUSTIN,Justin Watson,WR,38.986697281999994
TYLERSCOTT,SCOTT,TYLER,Tyler Scott,WR,38.8926044855
A.T.PERRY,PERRY,A.T.,A.T. Perry,WR,37.8025466955
RAYDAVIS,DAVIS,RAY,Ray Davis,RB,37.491455347999995
PARRISCAMPBELL,CAMPBELL,PARRIS,Parris Campbell,WR,37.473079893000005
JOSHOLIVER,OLIVER,JOSH,Josh Oliver,TE,36.8858454
NYHEIMHINES,HINES,NYHEIM,Nyheim Hines,RB,36.12175336
DEUCEVAUGHN,VAUGHN,DEUCE,Deuce Vaughn,RB,36.121110924999996
ELIJAHHIGGINS,HIGGINS,ELIJAH,Elijah Higgins,TE,35.824068503999996
DREWLOCK,LOCK,DREW,Drew Lock,QB,35.310588550000006
NICKMULLENS,MULLENS,NICK,Nick Mullens,QB,35.230417093
DARNELLWASHINGTON,WASHINGTON,DARNELL,Darnell Washington,TE,35.188189574000006
FOSTERMOREAU,MOREAU,FOSTER,Foster Moreau,TE,35.17911556
KADARIUSTONEY,TONEY,KADARIUS,Kadarius Toney,WR,34.9035607185
JASEMCCLELLAN,MCCLELLAN,JASE,Jase McClellan,RB,34.7160515215
JARRETTSTIDHAM,STIDHAM,JARRETT,Jarrett Stidham,QB,34.5538530385
JAHEIMBELL,BELL,JAHEIM,Jaheim Bell,TE,34.295557704
AMEERABDULLAH,ABDULLAH,AMEER,Ameer Abdullah,RB,33.761410741
ROYCEFREEMAN,FREEMAN,ROYCE,Royce Freeman,RB,33.354125555
MALIKWASHINGTON,WASHINGTON,MALIK,Malik Washington,WR,33.2757861875
NICKWESTBROOKIKHINE,WESTBROOKIKHINE,NICK,Nick Westbrook-Ikhine,WR,33.146571601000005
RYANFLOURNOY,FLOURNOY,RYAN,Ryan Flournoy,WR,32.578079359
ALLENLAZARD,LAZARD,ALLEN,Allen Lazard,WR,32.379384278
MIKEPENIX,PENIX,MIKE,Michael Penix Jr.,QB,31.850136939499997
DAVISALLEN,ALLEN,DAVIS,Davis Allen,TE,31.736931329
CONNORHEYWARD,HEYWARD,CONNOR,Connor Heyward,TE,31.532812005
JALENGUYTON,GUYTON,JALEN,Jalen Guyton,WR,31.417007910499997
BREVINJORDAN,JORDAN,BREVIN,Brevin Jordan,TE,31.279343093
KEVINHARRIS,HARRIS,KEVIN,Kevin Harris,RB,31.173959771499998
DAREOGUNBOWALE,OGUNBOWALE,DARE,Dare Ogunbowale,RB,30.738730586000003
CRAIGREYNOLDS,REYNOLDS,CRAIG,Craig Reynolds,RB,30.592780331
BRENTONSTRANGE,STRANGE,BRENTON,Brenton Strange,TE,30.455120046
KHADARELHODGE,HODGE,KHADAREL,KhaDarel Hodge,WR,30.195568191000003
DREWSAMPLE,SAMPLE,DREW,Drew Sample,TE,30.097162795000003
SKYYMOORE,MOORE,SKYY,Skyy Moore,WR,29.8715276195
DERNESTJOHNSON,JOHNSON,DERNEST,D'Ernest Johnson,RB,29.765002144500006
DONOVANPEOPLESJONES,PEOPLESJONES,DONOVAN,Donovan Peoples-Jones,WR,29.741355902000002
MIKETHOMAS,THOMAS,MIKE,Michael Thomas,WR,29.6
CASEYWASHINGTON,WASHINGTON,CASEY,Casey Washington,WR,29.468560608000004
BRAXTONBERRIOS,BERRIOS,BRAXTON,Braxton Berrios,WR,29.366678297
AJBARNER,BARNER,AJ,AJ Barner,TE,29.285702465
JORDANAKINS,AKINS,JORDAN,Jordan Akins,TE,29.126738133
ISAIAHMCKENZIE,MCKENZIE,ISAIAH,Isaiah McKenzie,WR,29.051208326
JORDANWHITTINGTON,WHITTINGTON,JORDAN,Jordan Whittington,WR,29.042142327
IHMIRSMITHMARSETTE,SMITHMARSETTE,IHMIR,Ihmir Smith-Marsette,WR,28.9775564195
AINIASSMITH,SMITH,AINIAS,Ainias Smith,WR,28.889269806999998
TRENTONIRWIN,IRWIN,TRENTON,Trenton Irwin,WR,28.653338026
RASHEENALI,ALI,RASHEEN,Rasheen Ali,RB,28.534756890500002
PAYNEDURHAM,DURHAM,PAYNE,Payne Durham,TE,28.2588982535
JAMEISWINSTON,WINSTON,JAMEIS,Jameis Winston,QB,28.220626447999997
DENERICPRINCE,PRINCE,DENERIC,Deneric Prince,RB,28.15
DYAMIBROWN,BROWN,DYAMI,Dyami Brown,WR,27.8519258275
JALENBROOKS,BROOKS,JALEN,Jalen Brooks,WR,27.825750699
DALVINCOOK,COOK,DALVIN,Dalvin Cook,RB,27.8
JAKEBROWNING,BROWNING,JAKE,Jake Browning,QB,27.695846765000006
DAVIDMOORE,MOORE,DAVID,David Moore,WR,27.647892823
THEOJOHNSON,JOHNSON,THEO,Theo Johnson,TE,27.597650372
LUCASKRULL,KRULL,LUCAS,Lucas Krull,TE,27.529672988500003
RAMIZAHMED,AHMED,RAMIZ,Ramiz Ahmed,K,27.5
EMARIDEMERCADO,DEMERCADO,EMARI,Emari Demercado,RB,27.3
LUKESCHOONMAKER,SCHOONMAKER,LUKE,Luke Schoonmaker,TE,27.131821473000002
JOHNNYWILSON,WILSON,JOHNNY,Johnny Wilson,WR,27.076614541000005
PEYTONHENDERSHOT,HENDERSHOT,PEYTON,Peyton Hendershot,TE,26.726975741000004
DONALDPARHAM,PARHAM,DONALD,Donald Parham,TE,26.3179327715
TRAYVEONWILLIAMS,WILLIAMS,TRAYVEON,Trayveon Williams,RB,25.6487948215
TRENTSHERFIELD,SHERFIELD,TRENT,Trent Sherfield,WR,25.615664228500002
MITCHELLTRUBISKY,TRUBISKY,MITCHELL,Mitchell Trubisky,QB,25.416306789
JOHNMETCHIE,METCHIE,JOHN,John Metchie III,WR,25.256805709
STONESMARTT,SMARTT,STONE,Stone Smartt,TE,25.010839366
IRVSMITH,SMITH,IRV,Irv Smith,TE,24.5533022185
DAVIDBELL,BELL,DAVID,David Bell,WR,24.4042024715
JIMMYGAROPPOLO,GAROPPOLO,JIMMY,Jimmy Garoppolo,QB,24.3198305991
RONNIERIVERS,RIVERS,RONNIE,Ronnie Rivers,RB,24.287158039
QUEZWATKINS,WATKINS,QUEZ,Quez Watkins,WR,24.2584530735
CARSONWENTZ,WENTZ,CARSON,Carson Wentz,QB,24.191221804500003
PHARAOHBROWN,BROWN,PHARAOH,Pharaoh Brown,TE,24.068984824
CHARLIEJONES,JONES,CHARLIE,Charlie Jones,WR,23.956511932
IANTHOMAS,THOMAS,IAN,Ian Thomas,TE,23.911005838999998
TIPREIMAN,REIMAN,TIP,Tip Reiman,TE,23.786771135500004
ISAIAHHODGINS,HODGINS,ISAIAH,Isaiah Hodgins,WR,23.591798724
MACKHOLLINS,HOLLINS,MACK,Mack Hollins,WR,23.3501761135
WILLMALLORY,MALLORY,WILL,Will Mallory,TE,23.3121686545
COOPERRUSH,RUSH,COOPER,Cooper Rush,QB,23.233372616
CADESTOVER,STOVER,CADE,Cade Stover,TE,23.1881824865
JOSHDOBBS,DOBBS,JOSH,Joshua Dobbs,QB,22.999908726999998
XAVIERHUTCHINSON,HUTCHINSON,XAVIER,Xavier Hutchinson,WR,22.842154765
ROBERTTONYAN,TONYAN,ROBERT,Robert Tonyan,TE,22.817113618
MOALIECOX,ALIECOX,MO,Mo Alie-Cox,TE,22.722919144000002
TYSONBAGENT,BAGENT,TYSON,Tyson Bagent,QB,22.7090349025
MARCUSMARIOTA,MARIOTA,MARCUS,Marcus Mariota,QB,22.6675448445
SEANCLIFFORD,CLIFFORD,SEAN,Sean Clifford,QB,22.518156867
DEVINDUVERNAY,DUVERNAY,DEVIN,Devin Duvernay,WR,22.365716643499997
TYRODTAYLOR,TAYLOR,TYROD,Tyrod Taylor,QB,22.00682287
ANTHONYGOULD,GOULD,ANTHONY,Anthony Gould,WR,21.826615943500002
KYLETRASK,TRASK,KYLE,Kyle Trask,QB,21.6301050675
RAKIMJARRETT,JARRETT,RAKIM,Rakim Jarrett,WR,21.475371309
HENDONHOOKER,HOOKER,HENDON,Hendon Hooker,QB,21.449962047499998
MACJONES,JONES,MAC,Mac Jones,QB,21.38063812
MECOLEHARDMAN,HARDMAN,MECOLE,Mecole Hardman,WR,21.3480113735
CASEKEENUM,KEENUM,CASE,Case Keenum,QB,21.282582167
KENNYPICKETT,PICKETT,KENNY,Kenny Pickett,QB,21.234057269999997
DALLINHOLKER,HOLKER,DALLIN,Dallin Holker,TE,20.9870663425
D.J.MONTGOMERY,MONTGOMERY,D.J.,D.J. Montgomery,WR,20.9
EASTONSTICK,STICK,EASTON,Easton Stick,QB,20.834468490000003
ANDYDALTON,DALTON,ANDY,Andy Dalton,QB,20.574464653
JAREDWILEY,WILEY,JARED,Jared Wiley,TE,20.439121887
CAMERONLATU,LATU,CAMERON,Cameron Latu,TE,20.427078530000003
KENNYMCINTOSH,MCINTOSH,KENNY,Kenny McIntosh,RB,20.401131799999998
JAMISONCROWDER,CROWDER,JAMISON,Jamison Crowder,WR,20.311819546000002
LAVISKASHENAULT,SHENAULT,LAVISKA,Laviska Shenault Jr.,WR,20.280003990500003
JASONBROWNLEE,BROWNLEE,JASON,Jason Brownlee,WR,20.247482292
DESMONDRIDDER,RIDDER,DESMOND,Desmond Ridder,QB,20.162746204999998
CAMAKERS,AKERS,CAM,Cam Akers,RB,20.1478025555
MASONRUDOLPH,RUDOLPH,MASON,Mason Rudolph,QB,20.0639617115
BRENDENRICE,RICE,BRENDEN,Brenden Rice,WR,20.051153745
JAMARITHRASH,THRASH,JAMARI,Jamari Thrash,WR,20.0418664675
OLAMIDEZACCHEAUS,ZACCHEAUS,OLAMIDE,Olamide Zaccheaus,WR,20.011087578
CHRISMOORE,MOORE,CHRIS,Chris Moore,WR,20.005644999
HARRISONBRYANT,BRYANT,HARRISON,Harrison Bryant,TE,19.793257853
JACOBCOWING,COWING,JACOB,Jacob Cowing,WR,19.7275019545
JUJUSMITHSCHUSTER,SMITHSCHUSTER,JUJU,JuJu Smith-Schuster,WR,19.6
JALENREAGOR,REAGOR,JALEN,Jalen Reagor,WR,19.434534554
CHARLIEWOERNER,WOERNER,CHARLIE,Charlie Woerner,TE,19.379179002
SPENCERRATTLER,RATTLER,SPENCER,Spencer Rattler,QB,19.353318761000004
MIKEWHITE,WHITE,MIKE,Mike White,QB,19.081022204
BRETTMAHER,MAHER,BRETT,Brett Maher,K,19.0
CARSONSTEELE,STEELE,CARSON,Carson Steele,RB,18.9
DEVINCULP,CULP,DEVIN,Devin Culp,TE,18.5570545683
JOEFLACCO,FLACCO,JOE,Joe Flacco,QB,18.5536016165
TYLERGOODSON,GOODSON,TYLER,Tyler Goodson,RB,18.48597837
BRANDONJOHNSON,JOHNSON,BRANDON,Brandon Johnson,WR,18.4647067285
RAHEEMBLACKSHEAR,BLACKSHEAR,RAHEEM,Raheem Blackshear,RB,17.8154181975
DEVENTHOMPKINS,THOMPKINS,DEVEN,Deven Thompkins,WR,17.75
MALIKHEATH,HEATH,MALIK,Malik Heath,WR,17.5910488865
DEONTEHARTY,HARTY,DEONTE,Deonte Harty,WR,17.5358315145
CHRISEVANS,EVANS,CHRIS,Chris Evans,RB,17.4147876245
LOGANTHOMAS,THOMAS,LOGAN,Logan Thomas,TE,17.15
TANNERBROWN,BROWN,TANNER,Tanner Brown,K,17.0
CORNELIUSJOHNSON,JOHNSON,CORNELIUS,Cornelius Johnson,WR,16.8
ASHTONDULIN,DULIN,ASHTON,Ashton Dulin,WR,16.6534411345
GREGJOSEPH,JOSEPH,GREG,Greg Joseph,K,16.5
JOEYSLYE,SLYE,JOEY,Joey Slye,K,16.5
JULIUSCHESTNUT,CHESTNUT,JULIUS,Julius Chestnut,RB,16.364123349
ROBERTWOODS,WOODS,ROBERT,Robert Woods,WR,16.35
JAMYCALHASTY,HASTY,JAMYCAL,JaMycal Hasty,RB,16.312843946
RONNIEBELL,BELL,RONNIE,Ronnie Bell,WR,16.296819913
ANTOINEGREEN,GREEN,ANTOINE,Antoine Green,WR,16.05
TIMJONES,JONES,TIM,Tim Jones,WR,15.98406986
JOSHJOHNSON,JOHNSON,JOSH,Josh Johnson,QB,15.945455048
CHASECLAYPOOL,CLAYPOOL,CHASE,Chase Claypool,WR,15.9
ISRAELABANIKANDA,ABANIKANDA,ISRAEL,Israel Abanikanda,RB,15.729991542000004
KAYSHONBOUTTE,BOUTTE,KAYSHON,Kayshon Boutte,WR,15.65
EQUANIMEOUSST.BROWN,BROWN,EQUANIMEOUSST.,Equanimeous St. Brown,WR,15.638363187
TYQUANTHORNTON,THORNTON,TYQUAN,Tyquan Thornton,WR,15.624226331500001
QUINTINMORRIS,MORRIS,QUINTIN,Quintin Morris,TE,15.619342038500001
MASONTIPTON,TIPTON,MASON,Mason Tipton,WR,15.55
CADEYORK,YORK,CADE,Cade York,K,15.5
TANNERMCLACHLAN,MCLACHLAN,TANNER,Tanner McLachlan,TE,15.15
TAHJWASHINGTON,WASHINGTON,TAHJ,Tahj Washington,WR,15.05
C.J.UZOMAH,UZOMAH,C.J.,C.J. Uzomah,TE,14.868354726500002
EMANUELWILSON,WILSON,EMANUEL,Emanuel Wilson,RB,14.8
MARCUSROSEMYJACKSAINT,ROSEMYJACKSAINT,MARCUS,Marcus Rosemy-Jacksaint,WR,14.6
TEJHAUNPALMER,PALMER,TEJHAUN,Tejhaun Palmer,WR,14.6
NIKKOREMIGIO,REMIGIO,NIKKO,Nikko Remigio,WR,14.5
BRANDONMCMANUS,MCMANUS,BRANDON,Brandon McManus,K,14.5
ALLENROBINSON,ROBINSON,ALLEN,Allen Robinson,WR,14.35
KYLEJUSZCZYK,JUSZCZYK,KYLE,Kyle Juszczyk,RB,14.3199106905
DEVAUGHNVELE,VELE,DEVAUGHN,Devaughn Vele,WR,14.175650000000001
JOSHKELLEY,KELLEY,JOSH,Joshua Kelley,RB,14.0
KJHAMLER,HAMLER,KJ,KJ Hamler,WR,14.0
BOMELTON,MELTON,BO,Bo Melton,WR,13.967529573999999
BOSTONSCOTT,SCOTT,BOSTON,Boston Scott,RB,13.949587689500001
TREQUANSMITH,SMITH,TREQUAN,Tre'Quan Smith,WR,13.852876129999999
RUSSELLGAGE,GAGE,RUSSELL,Russell Gage,WR,13.85
JOHNBATES,BATES,JOHN,John Bates,TE,13.764491345500002
SCOTTMILLER,MILLER,SCOTT,Scott Miller,WR,13.653277342500001
ZACHPASCAL,PASCAL,ZACH,Zach Pascal,WR,13.65
MIKEWOODS,WOODS,MIKE,Mike Woods,WR,13.65
KEAONTAYINGRAM,INGRAM,KEAONTAY,Keaontay Ingram,RB,13.561866199
DANNYGRAY,GRAY,DANNY,Danny Gray,WR,13.5033867985
DEEJAYDALLAS,DALLAS,DEEJAY,DeeJay Dallas,RB,13.3782044065
CHRISCONLEY,CONLEY,CHRIS,Chris Conley,WR,13.25
BENSKOWRONEK,SKOWRONEK,BEN,Ben Skowronek,WR,13.25
ROBBIECHOSEN,CHOSEN,ROBBIE,Robbie Chosen,WR,13.25
JAWHARJORDAN,JORDAN,JAWHAR,Jawhar Jordan,RB,13.2
PIERRESTRONG,STRONG,PIERRE,Pierre Strong,RB,13.187550836
DEWAYNEMCBRIDE,MCBRIDE,DEWAYNE,DeWayne McBride,RB,12.75
ANDREWOGLETREE,OGLETREE,ANDREW,Andrew Ogletree,TE,12.722530456
ALECINGOLD,INGOLD,ALEC,Alec Ingold,RB,12.561607969
JULIOJONES,JONES,JULIO,Julio Jones,WR,12.35
JOSEPHFORTSON,FORTSON,JOSEPH,Joseph Fortson,TE,12.25
JACKSTOLL,STOLL,JACK,Jack Stoll,TE,12.25
JUSTYNROSS,ROSS,JUSTYN,Justyn Ross,WR,12.15
JOHNPARKERROMO,ROMO,JOHNPARKER,John Parker Romo,K,12.0
BLAKEWATSON,WATSON,BLAKE,Blake Watson,RB,11.85
JEFFWILSON,WILSON,JEFF,Jeff Wilson,RB,11.75
ISAIAHSPILLER,SPILLER,ISAIAH,Isaiah Spiller,RB,11.65
MYLESGASKIN,GASKIN,MYLES,Myles Gaskin,RB,11.392046426999999
KENENWANGWU,NWANGWU,KENE,Kene Nwangwu,RB,11.151429090499999
BYRONPRINGLE,PRINGLE,BYRON,Byron Pringle,WR,11.05
SEANTUCKER,TUCKER,SEAN,Sean Tucker,RB,10.967676547
DILLONJOHNSON,JOHNSON,DILLON,Dillon Johnson,RB,10.95
RIVERCRACRAFT,CRACRAFT,RIVER,River Cracraft,WR,10.278451223500001
ERICKALL,ALL,ERICK,Erick All,TE,10.244754529500002
ERICSAUBERT,SAUBERT,ERIC,Eric Saubert,TE,10.0245763265
JORDANMIMS,MIMS,JORDAN,Jordan Mims,RB,9.9356467245
LAMICALPERINE,PERINE,LAMICAL,La'Mical Perine,RB,9.8484219845
DWAYNEESKRIDGE,ESKRIDGE,DWAYNE,D'Wayne Eskridge,WR,9.6940325325
MATTBREIDA,BREIDA,MATT,Matt Breida,RB,9.65
JOSIAHDEGUARA,DEGUARA,JOSIAH,Josiah Deguara,TE,9.585370976
LUKEFARRELL,FARRELL,LUKE,Luke Farrell,TE,9.442099233499999
KOKIEFT,KIEFT,KO,Ko Kieft,TE,9.364276337
TRAVISHOMER,HOMER,TRAVIS,Travis Homer,RB,9.270009354
CHARLIEKOLAR,KOLAR,CHARLIE,Charlie Kolar,TE,9.138025825499998
GIOVANNIRICCI,RICCI,GIOVANNI,Giovanni Ricci,TE,8.884229659499999
RASHAADPENNY,PENNY,RASHAAD,Rashaad Penny,RB,8.55
BRITAINCOVEY,COVEY,BRITAIN,Britain Covey,WR,8.400877405500001
JARETPATTERSON,PATTERSON,JARET,Jaret Patterson,RB,8.373198952
SIONEVAKI,VAKI,SIONE,Sione Vaki,RB,8.074823446
CARLOSWASHINGTON,WASHINGTON,CARLOS,Carlos Washington,RB,7.95
SALVONAHMED,AHMED,SALVON,Salvon Ahmed,RB,7.85
CHRISBROOKS,BROOKS,CHRIS,Chris Brooks,RB,7.5465816365
HASSANHASKINS,HASKINS,HASSAN,Hassan Haskins,RB,6.8893586424999995
KEILANROBINSON,ROBINSON,KEILAN,Keilan Robinson,RB,6.78294244
KYLEPHILIPS,PHILIPS,KYLE,Kyle Philips,WR,6.498533441499999
STERLINGSHEPARD,SHEPARD,STERLING,Sterling Shepard,WR,6.4611535225
VELUSJONES,JONES,VELUS,Velus Jones Jr.,WR,6.458618036999999
DARRYNTONEVANS,EVANS,DARRYNTON,Darrynton Evans,RB,6.251141850000002
TYLERHUNTLEY,HUNTLEY,TYLER,Tyler Huntley,QB,6.24
MIKEBURTON,BURTON,MIKE,Michael Burton,RB,6.208794864000002
DANTEMILLER,MILLER,DANTE,Dante Miller,RB,6.035244343
LOUISREESZAMMIT,REESZAMMIT,LOUIS,Louis Rees-Zammit,RB,5.9452389405
TYLANWALLACE,WALLACE,TYLAN,Tylan Wallace,WR,5.92565
TERRACEMARSHALL,MARSHALL,TERRACE,Terrace Marshall Jr.,WR,5.9
HUNTERLUEPKE,LUEPKE,HUNTER,Hunter Luepke,RB,5.89248758
DAVISMILLS,MILLS,DAVIS,Davis Mills,QB,5.89
ZACHWILSON,WILSON,ZACH,Zach Wilson,QB,5.85
TREYLANCE,LANCE,TREY,Trey Lance,QB,5.85
JARENHALL,HALL,JAREN,Jaren Hall,QB,5.78
BAILEYZAPPE,ZAPPE,BAILEY,Bailey Zappe,QB,5.75
MALIKWILLIS,WILLIS,MALIK,Malik Willis,QB,5.66
TOMMYDEVITO,DEVITO,TOMMY,Tommy DeVito,QB,5.65
ANDREWBECK,BECK,ANDREW,Andrew Beck,RB,5.567779616
ADAMPRENTICE,PRENTICE,ADAM,Adam Prentice,RB,5.472157672
C.J.BEATHARD,BEATHARD,C.J.,C.J. Beathard,QB,5.47
MIKEPRATT,PRATT,MIKE,Michael Pratt,QB,5.4
MALIKDAVIS,DAVIS,MALIK,Malik Davis,RB,5.4
KYLEALLEN,ALLEN,KYLE,Kyle Allen,QB,5.37
JORDANTRAVIS,TRAVIS,JORDAN,Jordan Travis,QB,5.26
DAMIEREBYRD,BYRD,DAMIERE,Damiere Byrd,WR,5.25
SKYLARTHOMPSON,THOMPSON,SKYLAR,Skylar Thompson,QB,5.22
TAYLORHEINICKE,HEINICKE,TAYLOR,Taylor Heinicke,QB,5.1
JOHNSTEPHENS,STEPHENS,JOHN,John Stephens Jr.,TE,5.045377811499999
ROSSDWELLEY,DWELLEY,ROSS,Ross Dwelley,TE,5.0174323525
CLAYTONTUNE,TUNE,CLAYTON,Clayton Tune,QB,4.95
JHAQUANJACKSON,JACKSON,JHAQUAN,Jha'Quan Jackson,WR,4.944711777
RYANTANNEHILL,TANNEHILL,RYAN,Ryan Tannehill,QB,4.79
JOEMILTON,MILTON,JOE,Joe Milton III,QB,4.65
C.J.HAM,HAM,C.J.,C.J. Ham,RB,4.629075319000002
JAMESMITCHELL,MITCHELL,JAMES,James Mitchell,TE,4.5852345705
MARCEDESLEWIS,LEWIS,MARCEDES,Marcedes Lewis,TE,4.573241239
STETSONBENNETT,BENNETT,STETSON,Stetson Bennett,QB,4.49
JULIANHILL,HILL,JULIAN,Julian Hill,TE,4.4776676195
TYLERJOHNSON,JOHNSON,TYLER,Tyler Johnson,WR,4.446598358
MYCOLEPRUITT,PRUITT,MYCOLE,MyCole Pruitt,TE,4.412018553499999
JUSTINSHORTER,SHORTER,JUSTIN,Justin Shorter,WR,4.375012793
JORDANMATTHEWS,MATTHEWS,JORDAN,Jordan Matthews,WR,4.355543965
SAMHARTMAN,HARTMAN,SAM,Sam Hartman,QB,4.35
EMANIBAILEY,BAILEY,EMANI,Emani Bailey,RB,4.25
GRANTCALCATERRA,CALCATERRA,GRANT,Grant Calcaterra,TE,4.226282384
NATEADKINS,ADKINS,NATE,Nate Adkins,TE,4.1525712855000005
MITCHELLWILCOX,WILCOX,MITCHELL,Mitchell Wilcox,TE,4.05
TANNERMCKEE,MCKEE,TANNER,Tanner McKee,QB,4.0
SAMEHLINGER,EHLINGER,SAM,Sam Ehlinger,QB,3.92
PATRICKRICARD,RICARD,PATRICK,Patrick Ricard,RB,3.7859514475000005
DEANDRECARTER,CARTER,DEANDRE,DeAndre Carter,WR,3.1428416230000003
ELIJAHDOTSON,DOTSON,ELIJAH,Elijah Dotson,RB,2.95
TYRIONDAVISPRICE,DAVISPRICE,TYRION,Tyrion Davis-Price,RB,2.719604285
PATRICKTAYLOR,TAYLOR,PATRICK,Patrick Taylor,RB,2.6
ZACHEVANS,EVANS,ZACH,Zach Evans,RB,2.55
DORIANTHOMPSONROBINSON,THOMPSONROBINSON,DORIAN,Dorian Thompson-Robinson,QB,2.39
LAWRENCECAGER,CAGER,LAWRENCE,Lawrence Cager,TE,2.353169239
BENSIMS,SIMS,BEN,Ben Sims,TE,2.2782599335
TYLERDAVIS,DAVIS,TYLER,Tyler Davis,TE,2.25047777
BRADYRUSSELL,RUSSELL,BRADY,Brady Russell,TE,2.2388641091999997
CHRISMANHERTZ,MANHERTZ,CHRIS,Chris Manhertz,TE,2.21598884
MAURICEALEXANDER,ALEXANDER,MAURICE,Maurice Alexander,WR,2.1991710755000002
COLETURNER,TURNER,COLE,Cole Turner,TE,2.128291132
ZACHGENTRY,GENTRY,ZACH,Zach Gentry,TE,2.0753599743000004
KHARIBLASINGAME,BLASINGAME,KHARI,Khari Blasingame,RB,1.9208524565
CODYSCHRADER,SCHRADER,CODY,Cody Schrader,RB,1.75
BRANDONBOLDEN,BOLDEN,BRANDON,Brandon Bolden,RB,1.65
HUNTERLONG,LONG,HUNTER,Hunter Long,TE,1.4568652197999998
DEVINLEARY,LEARY,DEVIN,Devin Leary,QB,1.3
KEHINDEOGINNIHASSAN,HASSAN,KEHINDEOGINNI,Kehinde Oginni Hassan,TE,1.25
STEVENSIMS,SIMS,STEVEN,Steven Sims,WR,1.157483274
JEREMYMCNICHOLS,MCNICHOLS,JEREMY,Jeremy McNichols,RB,1.077934436
GUNNEROLSZEWSKI,OLSZEWSKI,GUNNER,Gunner Olszewski,WR,0.738859593
JAMESPROCHE,PROCHE,JAMES,James Proche,WR,0.38988
SAMORITOURE,TOURE,SAMORI,Samori Toure,WR,0.02565
DANTEPETTIS,PETTIS,DANTE,Dante Pettis,WR,0.02052
KEVINRADER,RADER,KEVIN,Kevin Rader,TE,0.0
AUSTINREED,REED,AUSTIN,Austin Reed,QB,0.0
SAMMISREYES,REYES,SAMMIS,Sammis Reyes,TE,0.0
ISAACREX,REX,ISAAC,Isaac Rex,TE,0.0
CARTERBRADLEY,BRADLEY,CARTER,Carter Bradley,QB,0.0
TEAGANQUITORIANO,QUITORIANO,TEAGAN,Teagan Quitoriano,TE,0.0
KENDRICPRYOR,PRYOR,KENDRIC,Kendric Pryor,WR,0.0
ANTHONYSCHWARTZ,SCHWARTZ,ANTHONY,Anthony Schwartz,WR,0.0
MIKERIGERMAN,RIGERMAN,MIKE,Mike Rigerman,TE,0.0
MARCUSRILEY,RILEY,MARCUS,Marcus Riley,WR,0.0
TYSCOTT,SCOTT,TY,Ty Scott,WR,0.0
JOSEPHSCATES,SCATES,JOSEPH,Joseph Scates,WR,0.0
ZAVIERSCOTT,SCOTT,ZAVIER,Zavier Scott,WR,0.0
JACOBSAYLORS,SAYLORS,JACOB,Jacob Saylors,RB,0.0
GERRITPRINCE,PRINCE,GERRIT,Gerrit Prince,TE,0.0
BRAYLONSANDERS,SANDERS,BRAYLON,Braylon Sanders,WR,0.0
BRETTRYPIEN,RYPIEN,BRETT,Brett Rypien,QB,0.0
SEANRYAN,RYAN,SEAN,Sean Ryan,WR,0.0
HAYDENRUCCI,RUCCI,HAYDEN,Hayden Rucci,TE,0.0
WAYNERUBY,RUBY,WAYNE,Wayne Ruby,WR,0.0
NATHANROURKE,ROURKE,NATHAN,Nathan Rourke,QB,0.0
SAMSCHNEE,SCHNEE,SAM,Sam Schnee,RB,0.0
ARMANIROGERS,ROGERS,ARMANI,Armani Rogers,TE,0.0
TAYVIONROBINSON,ROBINSON,TAYVION,Tayvion Robinson,WR,0.0
KAIREEROBINSON,ROBINSON,KAIREE,Kairee Robinson,RB,0.0
JAMESROBINSON,ROBINSON,JAMES,James Robinson,RB,0.0
AIDANROBBINS,ROBBINS,AIDAN,Aidan Robbins,RB,0.0
JOHNROSS,ROSS,JOHN,John Ross,WR,0.0
TERIQUEOWENS,OWENS,TERIQUE,Terique Owens,WR,0.0
CORNELLPOWELL,POWELL,CORNELL,Cornell Powell,WR,0.0
JACKPLUMMER,PLUMMER,JACK,Jack Plummer,QB,0.0
PRAISEOLATOKE,OLATOKE,PRAISE,Praise Olatoke,WR,0.0
CHRISOLADOKUN,OLADOKUN,CHRIS,Chris Oladokun,QB,0.0
ALBERTOKWUEGBUNAM,OKWUEGBUNAM,ALBERT,Albert Okwuegbunam,TE,0.0
BRITISHBROOKS,BROOKS,BRITISH,British Brooks,RB,0.0
THOMASODUKOYA,ODUKOYA,THOMAS,Thomas Odukoya,TE,0.0
LEWNICHOLS,NICHOLS,LEW,Lew Nichols III,RB,0.0
JOSEPHNGATA,NGATA,JOSEPH,Joseph Ngata,WR,0.0
SAMSONNACUA,NACUA,SAMSON,Samson Nacua,WR,0.0
CHRISMYARICK,MYARICK,CHRIS,Chris Myarick,TE,0.0
NICKMUSE,MUSE,NICK,Nick Muse,TE,0.0
PATRICKMURTAGH,MURTAGH,PATRICK,Patrick Murtagh,TE,0.0
JORDANMURRAY,MURRAY,JORDAN,Jordan Murray,TE,0.0
TREMOSLEY,MOSLEY,TRE,Tre Mosley,WR,0.0
STANLEYMORGAN,MORGAN,STANLEY,Stanley Morgan,WR,0.0
JALENMORENOCROPPER,MORENOCROPPER,JALEN,Jalen Moreno-Cropper,WR,0.0
TANNERMORDECAI,MORDECAI,TANNER,Tanner Mordecai,QB,0.0
RONDALEMOORE,MOORE,RONDALE,Rondale Moore,WR,0.0
BRYCEOLIVER,OLIVER,BRYCE,Bryce Oliver,WR,0.0
BERNHARDSEIKOVITS,SEIKOVITS,BERNHARD,Bernhard Seikovits,TE,0.0
JOHNPADDOCK,PADDOCK,JOHN,John Paddock,QB,0.0
RICKYPERSON,PERSON,RICKY,Ricky Person,RB,0.0
JOHNRHYSPLUMLEE,PLUMLEE,JOHNRHYS,John Rhys Plumlee,QB,0.0
MASONPLINE,PLINE,MASON,Mason Pline,TE,0.0
THYRICKPITTS,PITTS,THYRICK,Thyrick Pitts,WR,0.0
SAMPINCKNEY,PINCKNEY,SAM,Sam Pinckney,WR,0.0
CHRISPIERCE,PIERCE,CHRIS,Chris Pierce,TE,0.0
LAMICHAELPETTWAY,PETTWAY,LAMICHAEL,La'Michael Pettway,TE,0.0
NATHANPETERMAN,PETERMAN,NATHAN,Nathan Peterman,QB,0.0
LUISPEREZ,PEREZ,LUIS,Luis Perez,QB,0.0
DEVANTEPARKER,PARKER,DEVANTE,DeVante Parker,WR,0.0
TRENTPENNIX,PENNIX,TRENT,Trent Pennix,RB,0.0
JOSHPEDERSON,PEDERSON,JOSH,Josh Pederson,TE,0.0
NATHANIELPEAT,PEAT,NATHANIEL,Nathaniel Peat,RB,0.0
ANDREWPEASLEY,PEASLEY,ANDREW,Andrew Peasley,QB,0.0
HENRYPEARSON,PEARSON,HENRY,Henry Pearson,TE,0.0
GARYBRIGHTWELL,BRIGHTWELL,GARY,Gary Brightwell,RB,0.0
JACQUESPATRICK,PATRICK,JACQUES,Jacques Patrick,RB,0.0
LINCOLNSEFCIK,SEFCIK,LINCOLN,Lincoln Sefcik,TE,0.0
JEQUANBURTON,BURTON,JEQUAN,Je'Quan Burton,WR,0.0
MATHEWSEXTON,SEXTON,MATHEW,Mathew Sexton,WR,0.0
CHRISBLAIR,BLAIR,CHRIS,Chris Blair,WR,0.0
DAYLENBALDWIN,BALDWIN,DAYLEN,Daylen Baldwin,WR,0.0
MIKEBANDY,BANDY,MIKE,Michael Bandy,WR,0.0
BRENDENBATES,BATES,BRENDEN,Brenden Bates,TE,0.0
CASEYBAUMAN,BAUMAN,CASEY,Casey Bauman,QB,0.0
NICKBAWDEN,BAWDEN,NICK,Nick Bawden,RB,0.0
JASONBEAN,BEAN,JASON,Jason Bean,QB,0.0
LUKEBENSON,BENSON,LUKE,Luke Benson,TE,0.0
TARIKBLACK,BLACK,TARIK,Tarik Black,WR,0.0
IANBOOK,BOOK,IAN,Ian Book,QB,0.0
JELANIBAKER,BAKER,JELANI,Jelani Baker,WR,0.0
MIKEBOONE,BOONE,MIKE,Mike Boone,RB,0.0
SHAWNBOWMAN,BOWMAN,SHAWN,Shawn Bowman,TE,0.0
MILESBOYKIN,BOYKIN,MILES,Miles Boykin,WR,0.0
TIMBOYLE,BOYLE,TIM,Tim Boyle,QB,0.0
BRYCENTREMAYNE,TREMAYNE,BRYCEN,Brycen Tremayne,WR,0.0
LAQUONTREADWELL,TREADWELL,LAQUON,Laquon Treadwell,WR,0.0
AUSTINTRAMMELL,TRAMMELL,AUSTIN,Austin Trammell,WR,0.0
JAKETONGES,TONGES,JAKE,Jake Tonges,TE,0.0
KAWAANBAKER,BAKER,KAWAAN,Kawaan Baker,WR,0.0
TYLERBADIE,BADIE,TYLER,Tyler Badie,RB,0.0
AARONSHAMPKLIN,SHAMPKLIN,AARON,Aaron Shampklin,RB,0.0
ALEXHALE,HALE,ALEX,Alex Hale,K,0.0
CHARLIESMYTH,SMYTH,CHARLIE,Charlie Smyth,K,0.0
SPENCERSHRADER,SHRADER,SPENCER,Spencer Shrader,K,0.0
AUSTINSEIBERT,SEIBERT,AUSTIN,Austin Seibert,K,0.0
JACKPODLESNY,PODLESNY,JACK,Jack Podlesny,K,0.0
BRAYDENNARVESON,NARVESON,BRAYDEN,Brayden Narveson,K,0.0
HARRISONMEVIS,MEVIS,HARRISON,Harrison Mevis,K,0.0
JUDEMCATAMNEY,MCATAMNEY,JUDE,Jude McAtamney,K,0.0
LUCASHAVRISIK,HAVRISIK,LUCAS,Lucas Havrisik,K,0.0
MIKEBADGLEY,BADGLEY,MIKE,Mike Badgley,K,0.0
ALEXBACHMAN,BACHMAN,ALEX,Alex Bachman,WR,0.0
JOSHALI,ALI,JOSH,Josh Ali,WR,0.0
BRANDONALLEN,ALLEN,BRANDON,Brandon Allen,QB,0.0
KAZMEIRALLEN,ALLEN,KAZMEIR,Kazmeir Allen,WR,0.0
ZACKANNEXSTAD,ANNEXSTAD,ZACK,Zack Annexstad,QB,0.0
DANIELARIAS,ARIAS,DANIEL,Daniel Arias,WR,0.0
AYIRASANTE,ASANTE,AYIR,Ayir Asante,WR,0.0
KEVINAUSTIN,AUSTIN,KEVIN,Kevin Austin Jr.,WR,0.0
ANDREBACCELLIA,BACCELLIA,ANDRE,Andre Baccellia,WR,0.0
ERICTOMLINSON,TOMLINSON,ERIC,Eric Tomlinson,TE,0.0
NOAHTOGIAI,TOGIAI,NOAH,Noah Togiai,TE,0.0
MITCHELLTINSLEY,TINSLEY,MITCHELL,Mitchell Tinsley,WR,0.0
KEDONSLOVIS,SLOVIS,KEDON,Kedon Slovis,QB,0.0
BREVYNSPANNFORD,SPANNFORD,BREVYN,Brevyn Spann-Ford,TE,0.0
MATTSOKOL,SOKOL,MATT,Matt Sokol,TE,0.0
WILLIESNEAD,SNEAD,WILLIE,Willie Snead,WR,0.0
XAVIERSMITH,SMITH,XAVIER,Xavier Smith,WR,0.0
SHISMITH,SMITH,SHI,Shi Smith,WR,0.0
JEFFSMITH,SMITH,JEFF,Jeff Smith,WR,0.0
BRANDONSMITH,SMITH,BRANDON,Brandon Smith,WR,0.0
JABARISMALL,SMALL,JABARI,Jabari Small,RB,0.0
JACOBSIRMON,SIRMON,JACOB,Jacob Sirmon,QB,0.0
CODYTHOMPSON,THOMPSON,CODY,Cody Thompson,WR,0.0
CAMSIMS,SIMS,CAM,Cam Sims,WR,0.0
MARCUSSIMMS,SIMMS,MARCUS,Marcus Simms,WR,0.0
DAVIDSILLS,SILLS,DAVID,David Sills,WR,0.0
JADENSHIRDEN,SHIRDEN,JADEN,Jaden Shirden,RB,0.0
JOHNSHENKER,SHENKER,JOHN,John Shenker,TE,0.0
KYLESHEETS,SHEETS,KYLE,Kyle Sheets,WR,0.0
TYRELLSHAVERS,SHAVERS,TYRELL,Tyrell Shavers,WR,0.0
RILEYSHARP,SHARP,RILEY,Riley Sharp,TE,0.0
GEORQUARIUSSPIVEY,SPIVEY,GEORQUARIUS,Geor'Quarius Spivey,TE,0.0
DIMITRISTANLEY,STANLEY,DIMITRI,Dimitri Stanley,WR,0.0
RORYSTARKEY,STARKEY,RORY,Rory Starkey,WR,0.0
MARKESESTEPP,STEPP,MARKESE,Markese Stepp,RB,0.0
BRYANTHOMPSON,THOMPSON,BRYAN,Bryan Thompson,WR,0.0
THAYERTHOMAS,THOMAS,THAYER,Thayer Thomas,WR,0.0
JORDANTHOMAS,THOMAS,JORDAN,Jordan Thomas,TE,0.0
TRENTTAYLOR,TAYLOR,TRENT,Trent Taylor,WR,0.0
MALIKTAYLOR,TAYLOR,MALIK,Malik Taylor,WR,0.0
J.J.TAYLOR,TAYLOR,J.J.,J.J. Taylor,RB,0.0
TANNERTAULA,TAULA,TANNER,Tanner Taula,TE,0.0
MESSIAHSWINSON,SWINSON,MESSIAH,Messiah Swinson,TE,0.0
TOMMYSWEENEY,SWEENEY,TOMMY,Tommy Sweeney,TE,0.0
FREDDIESWAIN,SWAIN,FREDDIE,Freddie Swain,WR,0.0
STEPHENSULLIVAN,SULLIVAN,STEPHEN,Stephen Sullivan,TE,0.0
COLBYSUITS,SUITS,COLBY,Colby Suits,QB,0.0
NATESUDFELD,SUDFELD,NATE,Nate Sudfeld,QB,0.0
MIKESTRACHAN,STRACHAN,MIKE,Mike Strachan,WR,0.0
DRAKESTOOPS,STOOPS,DRAKE,Drake Stoops,WR,0.0
AUSTINSTOGNER,STOGNER,AUSTIN,Austin Stogner,TE,0.0
KELLENMOND,MOND,KELLEN,Kellen Mond,QB,0.0
STEVENSTILIANOS,STILIANOS,STEVEN,Steven Stilianos,TE,0.0
PHILLIPBROOKS,BROOKS,PHILLIP,Phillip Brooks,WR,0.0
ZAIREMITCHELLPADEN,MITCHELLPADEN,ZAIRE,Zaire Mitchell-Paden,TE,0.0
DEZFITZPATRICK,FITZPATRICK,DEZ,Dez Fitzpatrick,WR,0.0
MIKEGALLUP,GALLUP,MIKE,Michael Gallup,WR,0.0
JAKEFUNK,FUNK,JAKE,Jake Funk,RB,0.0
JAKEFROMM,FROMM,JAKE,Jake Fromm,QB,0.0
MARTAVISBRYANT,BRYANT,MARTAVIS,Martavis Bryant,WR,0.0
DAURICEFOUNTAIN,FOUNTAIN,DAURICE,Daurice Fountain,WR,0.0
COLEFOTHERINGHAM,FOTHERINGHAM,COLE,Cole Fotheringham,TE,0.0
MILLERFORRISTALL,FORRISTALL,MILLER,Miller Forristall,TE,0.0
JEFFFOREMAN,FOREMAN,JEFF,Jeff Foreman,WR,0.0
BRYCEFORDWHEATON,FORDWHEATON,BRYCE,Bryce Ford-Wheaton,WR,0.0
KEVINFOELSCH,FOELSCH,KEVIN,Kevin Foelsch,TE,0.0
JOHNFITZPATRICK,FITZPATRICK,JOHN,John FitzPatrick,TE,0.0
TUCKERFISK,FISK,TUCKER,Tucker Fisk,TE,0.0
DENZELMIMS,MIMS,DENZEL,Denzel Mims,WR,0.0
ANTHONYFIRKSER,FIRKSER,ANTHONY,Anthony Firkser,TE,0.0
ETHANFERNEA,FERNEA,ETHAN,Ethan Fernea,WR,0.0
DESHAUNFENWICK,FENWICK,DESHAUN,DeShaun Fenwick,RB,0.0
DEMETRICFELTON,FELTON,DEMETRIC,Demetric Felton,RB,0.0
SIMIFEHOKO,FEHOKO,SIMI,Simi Fehoko,WR,0.0
SHANEBUECHELE,BUECHELE,SHANE,Shane Buechele,QB,0.0
PRINCETONFANT,FANT,PRINCETON,Princeton Fant,TE,0.0
MASONFAIRCHILD,FAIRCHILD,MASON,Mason Fairchild,TE,0.0
ERIKEZUKANMA,EZUKANMA,ERIK,Erik Ezukanma,WR,0.0
HAMZEELZAYAT,ELZAYAT,HAMZE,Hamze El-Zayat,WR,0.0
DAIJUNEDWARDS,EDWARDS,DAIJUN,Daijun Edwards,RB,0.0
IZAIAHGATHINGS,GATHINGS,IZAIAH,Izaiah Gathings,WR,0.0
JAELENGILL,GILL,JAELEN,Jaelen Gill,WR,0.0
REGGIEGILLIAM,GILLIAM,REGGIE,Reggie Gilliam,RB,0.0
DERRICKGORE,GORE,DERRICK,Derrick Gore,RB,0.0
PARKERHESSE,HESSE,PARKER,Parker Hesse,TE,0.0
ZACHHEINS,HEINS,ZACH,Zach Heins,TE,0.0
GRIFFINHEBERT,HEBERT,GRIFFIN,Griffin Hebert,WR,0.0
JAARONHAYEK,HAYEK,JAARON,Jaaron Hayek,WR,0.0
HAYDENHATTEN,HATTEN,HAYDEN,Hayden Hatten,WR,0.0
NKEALHARRY,HARRY,NKEAL,N'Keal Harry,WR,0.0
TRESHAUNHARRISON,HARRISON,TRESHAUN,Tre'Shaun Harrison,WR,0.0
KEILAHNHARRIS,HARRIS,KEILAHN,Keilahn Harris,WR,0.0
JACOBHARRIS,HARRIS,JACOB,Jacob Harris,TE,0.0
TYLERHARRELL,HARRELL,TYLER,Tyler Harrell,WR,0.0
DEVRONHARPER,HARPER,DEVRON,Devron Harper,WR,0.0
KELVINHARMON,HARMON,KELVIN,Kelvin Harmon,WR,0.0
MIKEHARLEY,HARLEY,MIKE,Mike Harley Jr.,WR,0.0
DEANGELOHARDY,HARDY,DEANGELO,DeAngelo Hardy,WR,0.0
GAVINHARDISON,HARDISON,GAVIN,Gavin Hardison,QB,0.0
HASSANHALL,HALL,HASSAN,Hassan Hall,RB,0.0
TROYHAIRSTON,HAIRSTON,TROY,Troy Hairston,RB,0.0
JAKEHAENER,HAENER,JAKE,Jake Haener,QB,0.0
LIDEATRICKGRIFFIN,GRIFFIN,LIDEATRICK,Lideatrick Griffin,WR,0.0
WILLGRIER,GRIER,WILL,Will Grier,QB,0.0
JAKEEMGRANT,GRANT,JAKEEM,Jakeem Grant,WR,0.0
CAMGRANDY,GRANDY,CAM,Cam Grandy,TE,0.0
FRANKGORE,GORE,FRANK,Frank Gore Jr.,RB,0.0
BREVINEASTON,EASTON,BREVIN,Brevin Easton,WR,0.0
JACOBEASON,EASON,JACOB,Jacob Eason,QB,0.0
DAVIDDURDEN,DURDEN,DAVID,David Durden,WR,0.0
ELIJAHCOOKS,COOKS,ELIJAH,Elijah Cooks,WR,0.0
SNOOPCONNER,CONNER,SNOOP,Snoop Conner,RB,0.0
ELIJAHCOLLINS,COLLINS,ELIJAH,Elijah Collins,RB,0.0
CHRISCOLLIER,COLLIER,CHRIS,Chris Collier,RB,0.0
JACKCOLLETTO,COLLETTO,JACK,Jack Colletto,RB,0.0
JALENCOKER,COKER,JALEN,Jalen Coker,WR,0.0
TARIKCOHEN,COHEN,TARIK,Tarik Cohen,RB,0.0
TYRIECLEVELAND,CLEVELAND,TYRIE,Tyrie Cleveland,WR,0.0
DANCHISENA,CHISENA,DAN,Dan Chisena,WR,0.0
ROBERTBURNS,BURNS,ROBERT,Robert Burns,RB,0.0
IRVINCHARLES,CHARLES,IRVIN,Irvin Charles,WR,0.0
QUINTEZCEPHUS,CEPHUS,QUINTEZ,Quintez Cephus,WR,0.0
JOSHCEPHUS,CEPHUS,JOSH,Joshua Cephus,WR,0.0
MCCALLANCASTLES,CASTLES,MCCALLAN,McCallan Castles,TE,0.0
DEVINCARTER,CARTER,DEVIN,Devin Carter,WR,0.0
STEPHENCARLSON,CARLSON,STEPHEN,Stephen Carlson,TE,0.0
SALCANNELLA,CANNELLA,SAL,Sal Cannella,TE,0.0
JALENCAMP,CAMP,JALEN,Jalen Camp,WR,0.0
MARQUEZCALLAWAY,CALLAWAY,MARQUEZ,Marquez Callaway,WR,0.0
JALONCALHOUN,CALHOUN,JALON,Jalon Calhoun,WR,0.0
NOAHCAIN,CAIN,NOAH,Noah Cain,RB,0.0
DEONCAIN,CAIN,DEON,Deon Cain,WR,0.0
TERRELLBYNUM,BYNUM,TERRELL,Terrell Bynum,WR,0.0
HAKEEMBUTLER,BUTLER,HAKEEM,Hakeem Butler,WR,0.0
TANNERCONNER,CONNER,TANNER,Tanner Conner,TE,0.0
JACOBCOPELAND,COPELAND,JACOB,Jacob Copeland,WR,0.0
MAXDUGGAN,DUGGAN,MAX,Max Duggan,QB,0.0
JASHAUNCORBIN,CORBIN,JASHAUN,Jashaun Corbin,RB,0.0
GRANTDUBOSE,DUBOSE,GRANT,Grant DuBose,WR,0.0
DYLANDRUMMOND,DRUMMOND,DYLAN,Dylan Drummond,WR,0.0
JEFFDRISKEL,DRISKEL,JEFF,Jeff Driskel,QB,0.0
COLTONDOWELL,DOWELL,COLTON,Colton Dowell,WR,0.0
KEELANDOSS,DOSS,KEELAN,Keelan Doss,WR,0.0
PHILLIPDORSETT,DORSETT,PHILLIP,Phillip Dorsett,WR,0.0
GERRIDDOAKS,DOAKS,GERRID,Gerrid Doaks,RB,0.0
BENDINUCCI,DINUCCI,BEN,Ben DiNucci,QB,0.0
SHAQUANDAVIS,DAVIS,SHAQUAN,Shaquan Davis,WR,0.0
COLEBURGESS,BURGESS,COLE,Cole Burgess,WR,0.0
KADENDAVIS,DAVIS,KADEN,Kaden Davis,WR,0.0
DAVIONDAVIS,DAVIS,DAVION,Davion Davis,WR,0.0
DAEWOODDAVIS,DAVIS,DAEWOOD,Daewood Davis,WR,0.0
ZACHDAVIDSON,DAVIDSON,ZACH,Zach Davidson,TE,0.0
JAELONDARDEN,DARDEN,JAELON,Jaelon Darden,WR,0.0
FRANKDARBY,DARBY,FRANK,Frank Darby,WR,0.0
BAYLORCUPP,CUPP,BAYLOR,Baylor Cupp,TE,0.0
MALIKCUNNINGHAM,CUNNINGHAM,MALIK,Malik Cunningham,QB,0.0
DEONTAYBURNETT,BURNETT,DEONTAY,Deontay Burnett,WR,0.0
COREYCROOMS,CROOMS,COREY,Corey Crooms,WR,0.0
CHASECOTA,COTA,CHASE,Chase Cota,WR,0.0
MATTCORRAL,CORRAL,MATT,Matt Corral,QB,0.0
CHEVANCORDEIRO,CORDEIRO,CHEVAN,Chevan Cordeiro,QB,0.0
JULIANHICKS,HICKS,JULIAN,Julian Hicks,WR,0.0
OJHILIARE,HILIARE,OJ,OJ Hiliare,WR,0.0
BENBRYANT,BRYANT,BEN,Ben Bryant,QB,0.0
ROCKYLOMBARDI,LOMBARDI,ROCKY,Rocky Lombardi,QB,0.0
KOBELEWIS,LEWIS,KOBE,Kobe Lewis,RB,0.0
DYLANLEONARD,LEONARD,DYLAN,Dylan Leonard,TE,0.0
PETERLEBLANC,LEBLANC,PETER,Peter LeBlanc,WR,0.0
KWAMIELASSITER,LASSITER,KWAMIE,Kwamie Lassiter II,WR,0.0
MATTLANDERS,LANDERS,MATT,Matt Landers,WR,0.0
PATRICKLAIRD,LAIRD,PATRICK,Patrick Laird,RB,0.0
JJLAAP,LAAP,JJ,JJ Laap,WR,0.0
ZACKKUNTZ,KUNTZ,ZACK,Zack Kuntz,TE,0.0
TANNERKNUE,KNUE,TANNER,Tanner Knue,WR,0.0
TREYKNOX,KNOX,TREY,Trey Knox,TE,0.0
MALIKKNOWLES,KNOWLES,MALIK,Malik Knowles,WR,0.0
BAMKNIGHT,KNIGHT,BAM,Bam Knight,RB,0.0
KEITHKIRKWOOD,KIRKWOOD,KEITH,Keith Kirkwood,WR,0.0
JONTREKIRKLIN,KIRKLIN,JONTRE,Jontre Kirklin,WR,0.0
MASONKINSEY,KINSEY,MASON,Mason Kinsey,WR,0.0
AHMAREANBROWN,BROWN,AHMAREAN,Ahmarean Brown,WR,0.0
JACOBKIBODI,KIBODI,JACOB,Jacob Kibodi,RB,0.0
RAMELKEYTON,KEYTON,RAMEL,Ramel Keyton,WR,0.0
LAWRENCEKEYS,KEYS,LAWRENCE,Lawrence Keys,WR,0.0
TOMKENNEDY,KENNEDY,TOM,Tom Kennedy,WR,0.0
JOHNKELLY,KELLY,JOHN,John Kelly,RB,0.0
DALTONKEENE,KEENE,DALTON,Dalton Keene,TE,0.0
HUNTERKAMPMOYER,KAMPMOYER,HUNTER,Hunter Kampmoyer,TE,0.0
LORENZOLINGARD,LINGARD,LORENZO,Lorenzo Lingard,RB,0.0
T.J.LUTHER,LUTHER,T.J.,T.J. Luther,WR,0.0
ANTHONYBROWN,BROWN,ANTHONY,Anthony Brown,QB,0.0
JAKELUTON,LUTON,JAKE,Jake Luton,QB,0.0
KENDALLMILTON,MILTON,KENDALL,Kendall Milton,RB,0.0
DAXMILNE,MILNE,DAX,Dax Milne,WR,0.0
RYANMILLER,MILLER,RYAN,Ryan Miller,WR,0.0
ANTHONYMILLER,MILLER,ANTHONY,Anthony Miller,WR,0.0
ELLISMERRIWEATHER,MERRIWEATHER,ELLIS,Ellis Merriweather,RB,0.0
TRACEMCSORLEY,MCSORLEY,TRACE,Trace McSorley,QB,0.0
RACEYMCMATH,MCMATH,RACEY,Racey McMath,WR,0.0
TREMCKITTY,MCKITTY,TRE,Tre' McKitty,TE,0.0
SEANMCKEON,MCKEON,SEAN,Sean McKeon,TE,0.0
KYRICMCGOWAN,MCGOWAN,KYRIC,Kyric McGowan,WR,0.0
ALEXMCGOUGH,MCGOUGH,ALEX,Alex McGough,QB,0.0
LANCEMCCUTCHEON,MCCUTCHEON,LANCE,Lance McCutcheon,WR,0.0
NATEMCCRARY,MCCRARY,NATE,Nate McCrary,RB,0.0
SINCEREMCCORMICK,MCCORMICK,SINCERE,Sincere McCormick,RB,0.0
J.J.MCCARTHY,MCCARTHY,J.J.,J.J. McCarthy,QB,0.0
TYREIKMCALLISTER,MCALLISTER,TYREIK,Tyreik McAllister,RB,0.0
JESSEMATTHEWS,MATTHEWS,JESSE,Jesse Matthews,WR,0.0
BENMASON,MASON,BEN,Ben Mason,TE,0.0
ADRIANMARTINEZ,MARTINEZ,ADRIAN,Adrian Martinez,QB,0.0
DAVIDMARTINROBINSON,MARTINROBINSON,DAVID,David Martin-Robinson,TE,0.0
TAYMARTIN,MARTIN,TAY,Tay Martin,WR,0.0
AUSTINMACK,MACK,AUSTIN,Austin Mack,WR,0.0
TYLERMABRY,MABRY,TYLER,Tyler Mabry,TE,0.0
NIKOLAKALINIC,KALINIC,NIKOLA,Nikola Kalinic,TE,0.0
TONYJONES,JONES,TONY,Tony Jones,RB,0.0
CURTISHODGES,HODGES,CURTIS,Curtis Hodges,TE,0.0
TYJAMES,JAMES,TY,Ty James,WR,0.0
TYREEJACKSON,JACKSON,TYREE,Tyree Jackson,TE,0.0
TRISHTONJACKSON,JACKSON,TRISHTON,Trishton Jackson,WR,0.0
SHEDRICKJACKSON,JACKSON,SHEDRICK,Shedrick Jackson,WR,0.0
LUCKYJACKSON,JACKSON,LUCKY,Lucky Jackson,WR,0.0
KEARISJACKSON,JACKSON,KEARIS,Kearis Jackson,WR,0.0
JOHNJACKSON,JACKSON,JOHN,John Jackson,WR,0.0
JERMAINEJACKSON,JACKSON,JERMAINE,Jermaine Jackson,WR,0.0
JAQUAEJACKSON,JACKSON,JAQUAE,JaQuae Jackson,WR,0.0
JALENJACKSON,JACKSON,JALEN,Jalen Jackson,RB,0.0
DEONJACKSON,JACKSON,DEON,Deon Jackson,RB,0.0
QADIRISMAIL,ISMAIL,QADIR,Qadir Ismail,WR,0.0
ANDYISABELLA,ISABELLA,ANDY,Andy Isabella,WR,0.0
SPENCERBROWN,BROWN,SPENCER,Spencer Brown,RB,0.0
GODWINIGWEBUIKE,IGWEBUIKE,GODWIN,Godwin Igwebuike,RB,0.0
LILJORDANHUMPHREY,HUMPHREY,LILJORDAN,Lil'Jordan Humphrey,WR,0.0
TOMMYHUDSON,HUDSON,TOMMY,Tommy Hudson,TE,0.0
JARVEONHOWARD,HOWARD,JARVEON,Jarveon Howard,RB,0.0
DENNISHOUSTON,HOUSTON,DENNIS,Dennis Houston,WR,0.0
ZANDERHORVATH,HORVATH,ZANDER,Zander Horvath,RB,0.0
JESPERHORSTED,HORSTED,JESPER,Jesper Horsted,TE,0.0
JACOBHOLLISTER,HOLLISTER,JACOB,Jacob Hollister,TE,0.0
ALECHOLLER,HOLLER,ALEC,Alec Holler,TE,0.0
GEORGEHOLANI,HOLANI,GEORGE,George Holani,RB,0.0
MIKEJACOBSON,JACOBSON,MIKE,Michael Jacobson,TE,0.0
JADONJANKE,JANKE,JADON,Jadon Janke,WR,0.0
LATREALJONES,JONES,LATREAL,Latreal Jones,WR,0.0
JAXONJANKE,JANKE,JAXON,Jaxon Janke,WR,0.0
JESHAUNJONES,JONES,JESHAUN,Jeshaun Jones,WR,0.0
EMORYJONES,JONES,EMORY,Emory Jones,QB,0.0
AUSTINJONES,JONES,AUSTIN,Austin Jones,RB,0.0
XAVIERJOHNSON,JOHNSON,XAVIER,Xavier Johnson,WR,0.0
TYRONJOHNSON,JOHNSON,TYRON,Tyron Johnson,WR,0.0
BRITTAINBROWN,BROWN,BRITTAIN,Brittain Brown,RB,0.0
NEALJOHNSON,JOHNSON,NEAL,Neal Johnson,TE,0.0
LEONJOHNSON,JOHNSON,LEON,Leon Johnson,WR,0.0
KAMERONJOHNSON,JOHNSON,KAMERON,Kameron Johnson,WR,0.0
REGGIEBROWN,BROWN,REGGIE,Reggie Brown,WR,0.0
JOHNNYJOHNSON,JOHNSON,JOHNNY,Johnny Johnson III,WR,0.0
JAYLENJOHNSON,JOHNSON,JAYLEN,Jaylen Johnson,WR,0.0
JAKOBJOHNSON,JOHNSON,JAKOB,Jakob Johnson,RB,0.0
COLLINJOHNSON,JOHNSON,COLLIN,Collin Johnson,WR,0.0
CEPHUSJOHNSON,JOHNSON,CEPHUS,Cephus Johnson III,WR,0.0
CAMJOHNSON,JOHNSON,CAM,Cam Johnson,WR,0.0
JOHNJILES,JILES,JOHN,John Jiles,WR,0.0
TERRELLJENNINGS,JENNINGS,TERRELL,Terrell Jennings,RB,0.0
JARAYJENKINS,JENKINS,JARAY,Jaray Jenkins,WR,0.0
E.J.JENKINS,JENKINS,E.J.,E.J. Jenkins,TE,0.0
RAMONJEFFERSON,JEFFERSON,RAMON,Ramon Jefferson,RB,0.0
JERMARJEFFERSON,JEFFERSON,JERMAR,Jermar Jefferson,RB,0.0
PEEWEEJARRETT,JARRETT,PEEWEE,Peewee Jarrett,QB,0.0
FELEIPEFRANKS,FRANKS,FELEIPE,Feleipe Franks,TE,0.0
